{"text": " Gell?", "segments": [{"id": 0, "seek": 0, "start": 0.0, "end": 0.96, "text": " Gell?", "tokens": [50364, 460, 898, 30, 50412], "temperature": 1.0, "avg_logprob": -2.3519256909688315, "compression_ratio": 0.38461538461538464, "no_speech_prob": 0.3951575458049774}], "language": "de"}