{"text": " Es geht um ein neues Projekt, so konnte man nicht reasonen.", "segments": [{"id": 0, "seek": 0, "start": 0.0, "end": 4.0, "text": " Es geht um ein neues Projekt, so konnte man nicht reasonen.", "tokens": [50364, 2313, 7095, 1105, 1343, 43979, 34804, 11, 370, 24058, 587, 1979, 1778, 268, 13, 50564], "temperature": 0.0, "avg_logprob": -0.8945621602675494, "compression_ratio": 0.9365079365079365, "no_speech_prob": 0.09695881605148315}], "language": "de"}